{
  "current_batch": [],
  "batch_start_time": 1752408036.9581518,
  "scraped_count": 5,
  "timestamp": "2025-07-13T08:00:55.819767"
}