{
  "total_requests": 5,
  "successful_requests": 5,
  "failed_requests": 0,
  "start_time": 1752408036.958064,
  "last_heartbeat": 1752408036.9580648
}