{
  "total_requests": 5,
  "successful_requests": 0,
  "failed_requests": 5,
  "start_time": 1752356255.822322,
  "last_heartbeat": 1752356255.822322
}